Company Name,Compnay Rating,Company Reviews,Company Trial,Company Description
Infinite Options,4.8,"3,786",14-day free trial,"Product options, swatches, custom fields, and product variants"
"Globo Product Options, Variant",4.9,"1,232",Free plan available,"Product Personalization, Customize Product, Variants Options"
Variant Option Product Options,4.6,909,Free plan available,"product custom, product personal,product variants,custom field"
Tabs Studio,4.9,369,Free plan available,Easily add professional tabs or accordions to your products.
Kiwi Size Chart & Recommender,4.5,703,Free plan available,Increase sales with fit recommender and stylish size charts
"GLO Color Swatch,Variant Image",4.9,490,Free,Show product variants as Color Swatch or Variant Image
Hulk Product Options,4.7,"1,556",7-day free trial,"Simplify customization with option sets, and apply in batches."
Zepto Product Personalizer,4.8,843,15-day free trial,Offer Live Product Customization with Unlimited Options
Swatch King ‑ Variant Options,4.9,"1,041",Free plan available,"Link Variants as Color Swatch, Swatches on Collection Page &.."
Bold Product Options,4.6,"2,371",Free plan available,Customize products with variants options and color swatches.
"Avada: Size Chart, Size Guide",4.9,"1,059",Free plan available,Set up size chart/size fit guides for detail body measurement
ESC ‑ Size Charts & Size Guide,4.6,582,Free plan available,Reduce return rates with unlimited size charts and size guides
Upload‑Lift Image Upload,4.9,145,Free plan available,Receive Image file uploads for personalized orders.
Textbox ‑ Textfield by Textify,4.7,45,3-day free trial,Add a text box or text field to product page - linked to order
Product Options & Customizer,4.7,"1,315",Free plan available,"Customize unlimited product options & variants, color swatches"
BF Size Charts & Size Guides,4.7,192,Free plan available,"Size charts for Clothing, T-Shirts, Shoes + on product pages"
Variant Image Wizard + Swatch,5,272,Free plan available,Customize color swatches and add multiple variant images
Advanced Product Options,4.6,523,14-day free trial,Create unlimited product options & variants options
Ymq Product Options & Variants,5,344,Free plan available,This app can create infinite product options.
StarApps Variant Image,4.9,485,Free plan available,Show Multiple Images per Variant | Fix Product Page Gallery
Uploadly ‑ File Upload,4.4,25,Free plan available,Let customers upload images & files  - linked to orders.
Avis Product Options Variants,4.9,516,Free,"Product options & Product variants, swatches, price add ons"
File Uploads by UploadKit,4.9,167,Free plan available,"Unlimited fields, any file type, crop images, sync to G Drive."
Clean Size Charts: Size Guide,4.8,141,Free plan available,Unlimited size charts and size guides for growing brands
PX Variants & Product Options,4.9,231,Free plan available,"Create infinite options, variants options for all of products"
Realtime Stock Sync & Bundling,4.9,443,14-day free trial,"Multiple shops, Amazon, eBay, Etsy, Faire, QBO, Square, & more"
Teeinblue Product Personalizer,5,154,21-day free trial,"Live Customize Product, Large Print On Demand Partners"
qikify Quick View,4.7,163,Free plan available,Optimize Conversion Rate. Quick view product. One click buy
Customily Product Personalizer,4.8,126,9-day free trial,"Powerful Personalizer, Customize Products, Print on Demand"
Live Product Options,4.8,159,14-day free trial,Live Product Options for customized and personalized Products
Zakeke ‑ Customizer 2D 3D,4.5,96,14-day free trial,"Customize products in 2D, 3D, AR. Boost sales & reduce returns"
Product Colors Linkify,4.5,81,7-day free trial,Link your products of different colors using swatches.
Kickflip ‑ Customize Products,4.8,71,Free to install,Visual product personalizer boosting engagement & sales
Product Variants Options BSS,4.9,111,Free plan available,"Unlimited product options, custom options, swatches, & more!"
"Variant Title King: Color, SKU",4.9,61,Free,"Variant Options Info, Color Swatch Name & SKU in Product Title"
[Maestrooo] SuperFields,4.8,15,7-day free trial,Manage and edit metafields easily
Customify ‑ Custom Product App,4.7,228,14-day free trial,Product customization | Customize Product App
Uploadery,4.9,391,14-day free trial,Give your customers the ability to send files with their order
ID's Exporter,4.8,26,Free plan available,"Export IDs of products, variants, inventory items & locations"
Dynamic Product Options,5,316,15-day free trial,Ultimate app to manage custom options & price calculators
Custom Product Builder,4.5,118,30-day free trial,Custom Options. Live Preview Product Customizer & Personalizer
W3  Custom Product Options,4.8,297,7-day free trial,Add unlimited product options! Now with live product preview!
Filey ‑ Files Backup & Export,5,96,Free,"Export store files, product images and videos in one click."
Product Description ChatGPT AI,5,36,Free plan available,"Create 1,000+ product descriptions in 1 click with ChatGPT AI!"
Gift Wrap Plus,4.8,100,Free plan available,Let customers add a message or gift wrap for their orders.
Camouflage: Hide Sold Variants,5,160,Free plan available,Hide/ Disable out of stock or unavailable or specific variants
Magic 360,4.9,34,$169 one-time charge,360 degree spin is the perfect way customers view your product
B4B ‑ Variable Products,4.9,50,30-day free trial,Variants on collection page & Collection filter by variants
Variant Description OMG,5,67,Free plan available,Product variant descriptions—Smart features you're not using!
EZ Product Options & Variants,5,156,Free plan available,"Customize variants options, infinite options for all products"
Smart Size Chart & Size Guide,5,59,Free plan available,Premium size charts to help shoppers find the fitting product.
Tako SEO Description AI writer,4.9,67,Free plan available,"Your AI copywriter for SEO product descriptions, ads and blog."
Mighty Image Uploader,4.9,179,7-day free trial,Highly Customizable Image Uploader For Personalized Orders.
Custom Price Calculator,4.8,157,10-day free trial,Live price calculator for custom options & bulk products
Swatches Dotify,4.5,166,7-day free trial,Add stylish color/image Swatches to your product options.
Easy Variant Images,5,48,21-day free trial,Assign Multiple Images to Variants. Boost Conversions
Magical Order Form Fields,4.9,39,14-day free trial,Add Custom Form Fields to Products and Checkout Extensions
LC | Manual Related Products,3.9,10,Free plan available,Manually configure related products for higher conversions
PDF Guru ‑ Master your PDFs,5,3,Free plan available,Easily Display PDFs to Customers anywhere in your Storefront
MPO ‑ Multiple Product Options,4.9,217,7-day free trial,Set multiple product options or variants with condition logic
Proofer Proof Management,4.6,52,Free plan available,Gracefully manage your custom order proofs
Sizefox | Size Finder,4.5,8,Free,Get your customers the right size with size recommendations
Custom Product Accordion Tabs,4.5,54,7-day free trial,"Accordions/Tabs for Product, FAQs or any store page."
Varia ‑ variants on collection,4.8,38,7-day free trial,Show variants on collection pages as separate products
Variant Descriptions King,5,100,Free plan available,"Show description of selected variant, add accordions/tabs, etc"
TIB Product Options & Variants,4.9,21,Free,"Product options, Product variants, Variants options & Swatches"
Customized Products on Demand,5,6,Free plan available,"Built in Customization. Customers can add photos, text & more."
Size Swatch,4.9,38,14-day free trial,Display variant names in a swatch on the collection & homepage
Multi‑Location Inventory Info,4.9,46,14-day free trial,Display location inventory information on product pages
Inkybay ‑ Product Personalizer,4.9,216,21-day free trial,Product customization & configurator with live preview options
Qstomizer ‑ Custom products,4.9,278,15-day free trial,The professional customize tool for custom products.
EXPO ‑ Extra Product Options,4.5,32,Free plan available,Add unlimited product options & variants with 16+ field types
Vario ‑ Variation Swatches,5,46,Free plan available,"Variant images, color swatches, variants options, image swatch"
PL Product Color Swatches,5,17,Free plan available,Link multi-color products with color or image swatches.
B2B:Wholesale Bulk Order Form,5,39,7-day free trial,Effective B2B/B2C wholesale solution and bulk order form...
Tsunami Personalize On Demand,4.9,11,Free plan available,Upload Photos & Text with Dynamic Personalization Preview
POWR | Product Pricing Table,4.8,43,Free plan available,Boost sales + upgrades with pricing plan comparison tables
Color Swatch Pug,4.8,138,14-day free trial,Color swatch | Image swatch for collection and product pages.
Tabs+ Product Descriptions,4.7,18,Free plan available,Easily add tabs to your product pages using shared templates
Fit Quiz: Size recommendation,4.6,16,14-day free trial,Size and Fit recommendations for clothes and shoes!
Wizio Bundle: Quantity Breaks,5,58,Free to install,"Offer deals like frequently bought together, volume discount"
Smart Image Upload,5,17,Free plan available,Bulk upload product images and save your time!
LensAdvizor: Prescription Lens,5,27,Free plan available,Easily sell prescription lenses with your eyewear products
Panda Size Chart,5,26,Free plan available,Find your perfect fit with Panda Size Guide app.
Valiant Variant Images,2.4,40,Free,New! – Show images for the selected variant only.
Price Panda ‑ Price Per Unit,5,27,Free plan available,Display the unit price of your products
Addributes | Cart Properties,4.8,44,14-day free trial,Essential Product Properties for your Checkout + Price History
Elegantsy Product labels,4.2,57,25-day free trial,Attract visitors with eye-catching product labels & badges
Neon Sign Customiser,5,22,Free plan available,Let customers design and order their very own unique neon sign
Variant Image Penguin,4.2,118,16-day free trial,"Assign multiple images to variants, clean up your product page"
ArtPlacer,3.5,5,Free to install,The marketing tool to make your art business grow
New Arrivals,5,5,7-day free trial,Automate new arrivals by tagging products on time
Product Variants Reloaded,4.8,26,14-day free trial,"Upto 1,000 REAL Variants and 6 REAL Options per product"
Live Preview Options by Webyze,4.6,45,7-day free trial,Unlimited Product Options with a Live Preview Image Generator.
Angle 3D Configurator ‑3D & AR,5,111,14-day free trial,3D & Augmented Reality(AR) customizations to boost conversion.
SizeWise: size guide & chart,4.1,12,$4.99/month,Add and display size chart anywhere on the product page
Swatcher ‑ Color Swatch Option,5,24,7-day free trial,Improve product presentation by showing color swatch variants
Comnja ‑ PDF Viewer,5,2,Free plan available,Offer Valuable Information and Promote Your PDF Products
Ultimate Product ID Exporter,2,1,Free plan available,"Export Products to Excel - ID Fields, Custom Template, & more."
Fancy Product Designer,4.9,28,14-day free trial,"Design any product, increase margins, grow your business."
Warn: Country Product Warnings,4.8,13,Free plan available,"Show country-specific disclaimers, notes & warning pop ups"
Frame It Easy,5,2,Free,"Sell art & photos with print & frame, US dropship fulfillment"
Clever Variant Images,4.9,30,Free plan available,Display images based on selected product variants
Ultimate Size Chart,4.6,109,30-day free trial,Size charts & size guides for your fashion or clothing store
Variator: See Product Variants,4.6,20,10-day free trial,Enhance browsing experience by show all variants on collection
Option Price Calculator,5,12,Free plan available,"Formula based option pricing, price tables, by the box pricing"
Posterly Product Personalizer,4.7,66,10-day free trial,"Customized and personalized city, star and zodiac products"
Size Chart ‑ Clothes Fit Guide,3.1,23,Free plan available,Smartest way to show sizing charts & up your conversions game
Jewelry Solutions,2,21,Free plan available,B2B jewelry marketplace and experience optimization
Smart Variant Table,3,4,Free,Create customized product tables with a no-code solution.
Lazify ‑ Lazy Load Images,4,12,$4.99/month,Reduce your loading times by lazy loading your images
C: Product Variants in Table,4.9,25,7-day free trial,Eye catching listing of product variants & quick add to cart.
Bundleup ‑ Bundle Inventory,2.8,4,14-day free trial,Manage and fulfill your bundle sales more accurately.
Custom Product Designer Studio,4.3,17,7-day free trial,"Product Design Customizer for T-shirt, Mug, Mobile Cover, shoe"
3D & AR Customize Products 360,5,4,Free plan available,3D & AR experiences transform brands captivating and inspiring
Lumise ‑ POD Product Designer,4.4,97,15-day free trial,Breakthrough solution for your print services store
Measurement Price Calculator,4.4,35,10-day free trial,Easy Custom Measurement Pricing Calculator with Price Per Unit
Hubify Product Custom Options,1.5,2,3-day free trial,Cutomers can submit additional details with the products
Optionify:More Product Options,4.4,90,10-day free trial,Create extra and unlimited product options (price per option)
HS Product Options & Variants,5,1,Free,Create unlimited product custom fields to boost sales
Tshirt & Product Design Studio,4.2,75,10-day free trial,"Design product (T-shirt, Mug, Bag, etc.) with text, image, etc"
Automotive Part Search,4.9,15,14-day free trial,Add Year Make Model search to your store
IzyUnit: Price Per Unit,5,4,Free plan available,"Sell your products by unit, weight, etc. Huge time saving."
Bulk Order ‑ Similar Products,5,51,Free plan available,Add multiple quantities of product's variations into the cart.
Crea tu Playera,5,2,Free to install,"Dropshipping - Tú vende, nosotros imprimimos y enviamos."
Product Description Generator,4.6,8,Free plan available,"Generate Product Descriptions, Blogs, Ads and More in Seconds"
Metafield Lite,1.3,2,Free,"Metafield sets | Bulk editor, import/export"
ShopShare,3,19,Free plan available,"Attach Digital Files, to any Product or Page"
PitchPrint,4.3,10,15-day free trial,"Simple, Intuitive & Powerful, Web to Print app."
Auglio Beauty Try‑on Plugin,4.8,5,14-day free trial,"Let customers try before they buy, and sell more!"
Singleton | Variants in List,4.9,25,7-day free trial,"Show products variants in collection with ""Add to cart"" button"
Gildform: Print On‑Demand,,0,Free to install,"On-demand Jewelry Design, Manufacturing and Dropshipping"
Threekit 3D Configuration & AR,5,1,Free to install,Enable 3D & Augmented Reality for your Product Catalog!
Spiff 3D Product Customization,4.5,20,$99/month,A product customizer in 3D - End to End Personalization
Xdropship,4.7,5,Free,Design and sell custom products online
Brandfolder ‑ Asset Management,,0,Free,Deliver impactful e-commerce experiences using on-brand assets
EM Variant Description,3,1,Free plan available,Describe Each Variant Product Effectively with Ease
Unitpricer ‑ Weight Size Vol.,3.3,4,14-day free trial,"Sell products by weight, size, length or volume in the POS App"
Printcart Product Personalizer,3.9,8,Free plan available,"Help customer design, printing products before purchasing."
File Upload To Inbox,5,14,7-day free trial,"Accept file uploads with orders, directly to your Dropbox"
Smart Customizer,5,17,30-day free trial,Allow customers to easily personalize your products
Ant Lens: Prescription Lens,5,9,Free plan available,Sell prescription lenses on your eyewear store
ARitize3D,3,1,Free to install,End-to-end solution for 3D + AR.
Spin360 ‑ 3D Product Rotations,,0,Free plan available,Show all sides of your product. Grow sales & reduce costs.
Image Size Chart Advanced,4.8,7,7-day free trial,Image-based size charts in link to pop-up on product pages.
Description Table,4.2,9,$29.99 one-time charge,Product description in table format
Shirtworks,,0,Free,Ethically accredited garment dropshipper
Mockupify | POD Automation,5,4,7-day free trial,Bulk create and automate your print on demand mockups
ClickUpload,,0,Free plan available,Enable your customers to easily upload files to their orders.
Colorlab Product Personalizer,4.2,13,30-day free trial,All-in-one solution for selling personalizable products online
Vendors logo,4.7,3,7-day free trial,Give your vendors a face today
ITORIS Easy Color Swatches,5,3,7-day free trial,Convert your product options into color swatches with ease
Advance Auto Parts Search,4.1,9,3-day free trial,Make Model Year Search For Your Store Visitors
Genie Product Options,4.3,6,Free,Unlimited number of Product Infinite Options & Variant options
VDB Ring Creator,5,1,"$2,000 one-time charge",Customize Your Ring!
Blaze,,0,Free,The Smarter No-Code Tool
YouCam Makeup ‑ Virtual Try‑On,5,1,Free plan available,Boost Your Sales with Ultraprecise Virtual Makeup Try-On
Triggered: Power‑up workflows,5,1,Free plan available,"Create opt-in URLs, target customers, trigger Flow workflows"
Roxie,,0,Free to install,Drop-ship personalised jewelry at wholesale prices.
Swatch Wizard,5,4,7-day free trial,Effortless product swatch creation & management.
Quick View and Color Swatch,3,10,30-day free trial,Quick view popup & Show Color Swatches on product page.
Zestard Product Matrix,5,10,7-day free trial,Show product variants in attractive tabular structure
Virtual Gift Message by Cander,5,3,Free plan available,"Video, Audio & Typed Gift Messages Delivered via SMS or QR"
Artistry.io,4.4,12,30-day free trial,Boost revenue by selling customizable products.
AOD Unlimited Product Options,4.9,14,3-day free trial,Unlimited Product Options | Price Addon | Discount | Swatches
PGPrints: Print on Demand,,0,Free to install,Simplified and Automated fulfillment. Get started in Minutes.
FORUDESIGNS BUSINESS,5,1,Free to install,FORUDESIGNS BUSINESS fulfillment dropshipping service
PlatformE Bridge,,0,Free,Customisation and Made-to-Order for your business
King Linked Options,5,1,7-day free trial,"Cross link products as variants,  button, color/image swatch"
Super Variant Title,,0,Free plan available,"Change a Product Title based on its Variant Name, SKU and more"
Pixsona Personalized Products,,0,Free to install,"Live Preview Personalization | No Risk, All Reward"
SizeMe,,0,Free to install,Real size guide and fit recommendations for clothing and shoes
Prescription Eye Lens,5,7,7-day free trial,"Configurator for prescription lens, glasses & eyewear products"
Precious Metals Price Updater,3.7,3,From $40/month,Live gold and silver precious metals pricing integration.
Swatch Specialist,5,2,14-day free trial,Display the available sizes on home/listing page instantly
MWP Diet Calorie Calculator,,0,3-day free trial,"Advanced calorie calculator, calculate data for your diet"
vIMG: Multiple Variant Images,5,2,7-day free trial,Show Multiple Images per Variant. Uncluttered product images
Advanced Product Table,5,1,14-day free trial,One Page Products Discovery via Table View
PDP ‑ Product Designer Pro,4.5,2,3-day free trial,Smart design tool allow your customers easy create design.
SAIZ ‑ size & fit recommender,,0,Free to install,Instant & accurate size recommendation for fashion products
StyleFit 3D Configuration & AR,,0,Free,Enable 3D & Augmented Reality for your online store
Lunatag ‑ Sell with Pictures,2.6,2,Free plan available,Turn visitors into buyers through Shoppable pictures
Advanced File Upload,,0,14-day free trial,Add file upload field on contact form and registration page.
"LIVEARf ‑ Realize Arts, Frames",5,2,Free plan available,"Complete Sales Engagement Platform for Artists, Framers"
Details+,,0,Free plan available,Smart and easy product descriptions.
Custom Max Product Options,,0,Free,Personalization for POD + Live Preview
Ask Questions,3.9,12,$39.99 one-time charge,Let your customers contact you for any query from product page
Product Description Copywriter,5,5,2-day free trial,AI product descriptions generator / SEO Multilingual Unlimited
3D and AR Product Configurator,,0,Free plan available,Increase customer experience and sales with 3D and AR
Dynamic Description Tabber,3.4,9,5-day free trial,Enhance Product Description for Better Sales
Smartzer Live & Video Shopping,5,3,7-day free trial,Create live shopping events and build shoppable videos
VNTANA 3D Optimizer & Viewer,,0,Free to install,Quickly add 3D and AR versions of your products to your store
Choicyful ‑ Custom variant,5,11,Free plan available,Display variant names like nobody to get ahead your competitor
Weyify POS by Weight,3,2,14-day free trial,Sell your products by weight through your POS with simplicity
Sizolution,5,1,Free plan available,Deliver the perfect size & fit
Magic Custom Upload,5,1,90-day free trial,Unlimited custom files upload from the product page
Collab Customs,,0,Free to install,Collaborate And Customize Unique Products Online
ShowHue ‑ AI Generated Photo,,0,14-day free trial,Create High Converting Product Photos Automatically
Smart Product Options,5,3,7-day free trial,Unlimited Product Options | Price Addon | Conditional Logic
Simplified Size Chart,,0,Free plan available,Creating size charts was never this easy!
Swatch‑Me‑Swatch‑This,5,1,7-day free trial,Group & swatch in seconds.  Keep your shoppers moving forward!
Mint PIM,5,1,Free,Product Management & Translation for Fashion and Beauty Brands
Windmill Custom Design,,0,Free plan available,Get started with personalized design services
Envision: Size & Fit Analyser,5,2,15-day free trial,Comprehensive size & fit guide | Reduce returns today
DropVoice,5,1,Free plan available,Attach A Voice Note To Your Products | A more human experience
"AO‑Infinite Options, workflow",5,1,Free plan available,"Product bundling, unlimited options, workflow, swatches"
Mega Bundle ‑ upsell products,5,2,Free,We use the variants system of to bundle and upsell products.
Tailor Suit Shop,3.7,3,30-day free trial,Customer can design and order his own style and body fit suit
Size Chart Aliexpress Importer,4,4,Free plan available,Size chart importer from Aliexpress for dropshipping products.
Easy Options by DevCloud,5,1,Free,Create unlimited product options easily!
Coverking Iframe Tool,,0,Free to install,Easily integrate Coverking custom products to your Store
Lensio: Verify Prescriptions,,0,Free to install,Sell prescription contact lenses on your store with Lensio
Magepow Size Chart,,0,Free,Magepow Size Chart creates your own size chart quickly
Writer Sofia,,0,Free to install,Write better and engaging product description using AI
Kaya AI Photo Enhancer,,0,$5/month,Improve your product photo's automatically
AnyAsset ‑ Digital Downloads,5,1,7-day free trial,"Sell digital products such as Music, Videos, E-books PDF's..."
Printess Customizer,,0,14-day free trial,Create and sell personalized products like never before
Epic Subscriptions,,0,5-day free trial,Empower your customers to see what they want!
Affiliate Product Feed,,0,10-day free trial,Automatically export your products via FTP
Addify ‑ Variations Table List,,0,7-day free trial,"Show variants in list view with search, filters & add to cart."
Quick Product Compare,5,2,7-day free trial,Amazon like Product compare + Visitors can select product
Recolize: Easy Personalization,,0,Free to install,"Maximize Revenue, Minimize Effort with Product Recommendations"
Rentinus,,0,30-day free trial,Rental plugin by Rentinus
Smart Last Sold Collections,,0,30-day free trial,Display the last sold products of your store.
ShapeDiver,5,3,20-day free trial,Personalized products with a beautiful 3D interface
Sizey Size Chart + Recommender,,0,Free,Get size recommendation for your products to reduce returns
Veonr ‑ Product Page Modifier,5,1,7-day free trial,Simple way to change how your product page looks.
Easify Product Options,,0,Free,"Customize with love: custom product options, variants, & more."
Product Questions & Answers,5,2,$29.99 one-time charge,Show questions answers on product page
Cela 3D/AR Integration,,0,$15 one-time charge,Transforming traditional eCommerce into 3D and AR commerce
Price Style,1,1,3-day free trial,Add text and customize price display.
POD Product Variants Options,,0,Free plan available,"Custom product personalize product options, Live Preview"
Unit Pricer: Price Per Unit,1.3,6,7-day free trial,The easiest way to display the UNIT PRICE for bulk items
BeUnico,,0,Free,Il configuratore con qualità fotografica.
Clean Info Tables & Charts,5,1,7-day free trial,Data tables to display product description & specifications
AI Recommendations,,0,40-day free trial,Create AI driven User Experiences using product recommendation
Lolozem Web AR,,0,Free plan available,AR fitting solution tailored to your brand
payever Products,,0,Free,Manage products from different sales channels in one place.
Curtains Calculator App,5,1,7-day free trial,Get customised curtain quotes from Curtains Calculator
SizeID,5,1,14-day free trial,Boost your sales with multi-featured size recommender.
Riaxe Product Customizer,,0,Free plan available,Sell custom branded personalized products
Badgfly ‑ Product Personalizer,,0,14-day free trial,Create Product badges & Personalizer from One App.
Scaleup Variant Description,,0,3-day free trial,Display unique product descriptions for each variant
Shoefitter,,0,Free plan available,One picture to measure your feet from your mobile browser
Fitnonce,5,1,Free to install,Personalized Size Recommendations + Virtual Fitting Room
Stensiled Product Builder,,0,Free plan available,Let customers design products with texts & images
Gang Sheeter,,0,15-day free trial,Allow customers to quickly create gang sheets with ease
Quick Variants View,5,2,$50 one-time charge,"Boost up sales with ""Quick variants view"" & one-click buy."
Easy Product Customizer,,0,14-day free trial,Increase product sales by allowing product customizations.
EasyRNG Mystery Product,,0,14-day free trial,Automatically balance your inventory levels and increase sales
Anywhere Custom Forms,,0,7-day free trial,Make multiple custom forms and display on the website.
Variant Push Down Low Stock,,0,Free,Push Down & Re-Order Your Variants To Drive More Sales
Specify ‑ Product Features,1,1,7-day free trial,Display your products' benefits to generate more sales
Xpansion Product Connector,,0,14-day free trial,Show single products with matching SKU's as variant thumbnails
Parameterizer,,0,7-day free trial,Advanced parameterization and product selection tool
Flecustom柔定,,0,Free,Print on Demand & Design Online & Dropshipping & Copyright IP
DesignO,,0,14-day free trial,A Plug-n-Play Online Designer Tool
Selectify: Cart Multiple Items,,0,10-day free trial,Multiselect - Sell multiple items in a single click
Swatcheroo,,0,7-day free trial,"Replace product options (color, size) to nice swatches."
IMPAKT ID: fashion CO2 tracker,,0,30-day free trial,Estimate & display product carbon impact on storefront.
Product Options Advance,2,3,Free plan available,Increase average order value by extra product options
VidaXL,1,1,1-day free trial,"Grossiste en jardin, garage, bricolage, maison et vêtement."
Xpander,,0,Free plan available,Display product variations as separate products and sell more
GemFind StudBuilderⓇ,,0,$195/month,Stud and Diamond search on web
Advance Variant,,0,15-day free trial,"Unlimited Custom Options, Filterable Conditional Display"
Fractional Quantities For POS,,0,5-day free trial,Sell Products With Fractional Quantities Directly Within POS
Arty ‑ 3D model viewer,,0,14-day free trial,The eCommerce revolution starts with 3D and AR
Flexi Variants,,0,7-day free trial,Split and Link similar products together seamlessly
S Fitting,5,1,7-day free trial,"Fitting Room, Size Chart, AI Recommender - Clothing, Fashion"
Scale‑up Print Designer,1,1,14-day free trial,Web to print designer tool for your store
Setgo：セット商品管理の自動化,,0,30-day free trial,セット販売の在庫管理が楽になる在庫同期オートマイザー
StrongCase Product Pitcher,,0,Free to install,Free to try.  Generate product descriptions
Adesk Bulk Variant Order,,0,14-day free trial,Show all product variants in a table for easy viewing
Fast View : Fastest Quick View,,0,7-day free trial,"Optimize conversion rate by quick view product, one-click buy"
GTLayers,,0,14-day free trial,Make your customizable products with this image overlay system
